User ID,Username,Score
user6550812186,Çaja Marjut,0
user1445714914,Will Cove,0
user6835027993,Ahmet,0
user7479683504,谷玉,0
user6499021826,Malin,0
user979601367,Dominik,0
user6736775307,D M,0
user1482350402,Talha | b62,0
"user1535521886","Black Owl","0"
user5405336904,Blockchainer,30
user1407096063,Sheriff Boston Mike - The OG No Imposter Here,0
user1617804538,Marc,10
user1482350402,Talha | b62,0  
user1347714738,Navin,25  
user1482350402,Talha | b62,70  
user1347714738,Navin,10
user1347714738,Navin,10
user1482350402,Talha | b62,20
user1617804538,Marc,0
user7270208029,,0
user6508509968,Aveline,0
user1598230193,会吃会睡会打包,0
user1487137305,Felipe Oliveira,20
user1617804538,Marc,0
user920745330,ed_stan (will not ask for any funds and won’t DM first),0
user609517172,Rose,0
user609517172,Rose,0
user6829047660,Devesh M,21
user149273766,Yuriy Muller,0
user1407096063,Sheriff Boston Mike - The OG No Imposter Here,0
user1407096063,Sheriff Boston Mike - The OG No Imposter Here,0
user149273766,Yuriy Muller,0
user149273766,Yuriy Muller,0
user1407096063,Sheriff Boston Mike - The OG No Imposter Here,0
user149273766,Yuriy Muller,0
user1407096063,Sheriff Boston Mike - The OG No Imposter Here,0
user149273766,Yuriy Muller,0
user1816041998,Sefa (SD) | BNB Chain,10
user1407096063,Sheriff Boston Mike - The OG No Imposter Here,0
user1407096063,Sheriff Boston Mike - The OG No Imposter Here,0
user498639957,ALEX WHEELS,0
user583441569,BLOCKCHAIN DEV,0
user6367022047,mila kunis,0
user583441569,BLOCKCHAIN DEV,10
user583441569,BLOCKCHAIN DEV,10
"user583441569","BLOCKCHAIN DEV","10"
"user6528336198","Meiaorry","0"
"user1976077698","Blake","15"
"user1407096063","Sheriff Boston Mike - The OG No Imposter Here","0"
user7467632483,Sally,0
user6508509968,Aveline,10
user831098767,SLCK,10
user831098767,SLCK
user481520678,Cryptok1ng
user1407096063,Sheriff Boston Mike - The OG No Imposter Here
user1407096063,Sheriff Boston Mike - The OG No Imposter Here
user831098767,SLCK
user831098767,SLCK
"user1237552509","Gareth Davies",65
"user6126296840","Le Dude",75
"user1650886005","OG.",0
"user609517172","Rose",0
"user609517172","Rose",0
"user922814160","Taylan",0
user831098767,SLCK,10
user6580858978,Dagny,0
user6126296840,Le Dude,20
user1407096063,Sheriff Boston Mike - The OG No Imposter Here,0
user6126296840,Le Dude,10
user1407096063,Sheriff Boston Mike - The OG No Imposter Here,10